{
    "first": 54.33069610595703,
    "second": 67.28160858154297,
    "third": 68.07839965820313
}