{
    "first": 67.28160858154297,
    "second": 68.07839965820313,
    "third": 0.0
}